INSERT INTO bases (name, height, width, class, drop_level)
VALUES
  ('Rusted Hatchet', 3, 2, 'Two Handed Axe', 2),
  ('Jade Hatchet', 3, 2, 'Two Handed Axe', 6),
  ('Boarding Axe', 3, 2, 'Two Handed Axe', 11),
  ('Cleaver', 3, 2, 'Two Handed Axe', 16),
  ('Broad Axe', 3, 2, 'Two Handed Axe', 21),
  ('Arming Axe', 3, 2, 'Two Handed Axe', 25),
  ('Decorative Axe', 3, 2, 'Two Handed Axe', 29),
  ('Spectral Axe', 3, 2, 'Two Handed Axe', 33),
  ('Etched Hatchet', 3, 2, 'Two Handed Axe', 35),
  ('Jasper Axe', 3, 2, 'Two Handed Axe', 36),
  ('Tomahawk', 3, 2, 'Two Handed Axe', 39),
  ('Wrist Chopper', 3, 2, 'Two Handed Axe', 42),
  ('War Axe', 3, 2, 'Two Handed Axe', 45),
  ('Chest Splitter', 3, 2, 'Two Handed Axe', 48),
  ('Ceremonial Axe', 3, 2, 'Two Handed Axe', 51),
  ('Wraith Axe', 3, 2, 'Two Handed Axe', 54),
  ('Engraved Hatchet', 3, 2, 'Two Handed Axe', 56),
  ('Karui Axe', 3, 2, 'Two Handed Axe', 57),
  ('Siege Axe', 3, 2, 'Two Handed Axe', 59),
  ('Reaver Axe', 3, 2, 'Two Handed Axe', 61),
  ('Butcher Axe', 3, 2, 'Two Handed Axe', 63),
  ('Vaal Hatchet', 3, 2, 'Two Handed Axe', 65),
  ('Royal Axe', 3, 2, 'Two Handed Axe', 67),
  ('Infernal Axe', 3, 2, 'Two Handed Axe', 69),
  ('Runic Hatchet', 3, 2, 'Two Handed Axe', 71),
  ('Stone Axe', 4, 2, 'Two Handed Axe', 4),
  ('Jade Chopper', 4, 2, 'Two Handed Axe', 9),
  ('Woodsplitter', 4, 2, 'Two Handed Axe', 13),
  ('Poleaxe', 4, 2, 'Two Handed Axe', 18),
  ('Double Axe', 4, 2, 'Two Handed Axe', 23),
  ('Gilded Axe', 4, 2, 'Two Handed Axe', 28),
  ('Shadow Axe', 4, 2, 'Two Handed Axe', 33),
  ('Dagger Axe', 4, 2, 'Two Handed Axe', 36),
  ('Jasper Chopper', 4, 2, 'Two Handed Axe', 37),
  ('Timber Axe', 4, 2, 'Two Handed Axe', 41),
  ('Headsman Axe', 4, 2, 'Two Handed Axe', 45),
  ('Labrys', 4, 2, 'Two Handed Axe', 49),
  ('Noble Axe', 4, 2, 'Two Handed Axe', 52),
  ('Abyssal Axe', 4, 2, 'Two Handed Axe', 55),
  ('Karui Chopper', 4, 2, 'Two Handed Axe', 58),
  ('Talon Axe', 4, 2, 'Two Handed Axe', 59),
  ('Sundering Axe', 4, 2, 'Two Handed Axe', 60),
  ('Ezomyte Axe', 4, 2, 'Two Handed Axe', 62),
  ('Vaal Axe', 4, 2, 'Two Handed Axe', 64),
  ('Despot Axe', 4, 2, 'Two Handed Axe', 66),
  ('Void Axe', 4, 2, 'Two Handed Axe', 68),
  ('Fleshripper', 4, 2, 'Two Handed Axe', 70),
  ('Crude Bow', 4, 2, 'Bow', 1),
  ('Short Bow', 4, 2, 'Bow', 5),
  ('Long Bow', 4, 2, 'Bow', 9),
  ('Composite Bow', 4, 2, 'Bow', 14),
  ('Recurve Bow', 4, 2, 'Bow', 18),
  ('Bone Bow', 4, 2, 'Bow', 23),
  ('Royal Bow', 4, 2, 'Bow', 28),
  ('Death Bow', 4, 2, 'Bow', 32),
  ('Grove Bow', 4, 2, 'Bow', 35),
  ('Reflex Bow', 4, 2, 'Bow', 36),
  ('Decurve Bow', 4, 2, 'Bow', 38),
  ('Compound Bow', 4, 2, 'Bow', 41),
  ('Sniper Bow', 4, 2, 'Bow', 44),
  ('Ivory Bow', 4, 2, 'Bow', 47),
  ('Highborn Bow', 4, 2, 'Bow', 50),
  ('Decimation Bow', 4, 2, 'Bow', 53),
  ('Thicket Bow', 4, 2, 'Bow', 56),
  ('Steelwood Bow', 4, 2, 'Bow', 57),
  ('Citadel Bow', 4, 2, 'Bow', 58),
  ('Ranger Bow', 4, 2, 'Bow', 60),
  ('Assassin Bow', 4, 2, 'Bow', 62),
  ('Spine Bow', 4, 2, 'Bow', 64),
  ('Imperial Bow', 4, 2, 'Bow', 66),
  ('Harbinger Bow', 4, 2, 'Bow', 68),
  ('Maraketh Bow', 4, 2, 'Bow', 71),
  ('Nailed Fist', 2, 2, 'Claw', 3),
  ('Sharktooth Claw', 2, 2, 'Claw', 7),
  ('Awl', 2, 2, 'Claw', 12),
  ('Cats Paw', 2, 2, 'Claw', 17),
  ('Blinder', 2, 2, 'Claw', 22),
  ('Timeworn Claw', 2, 2, 'Claw', 26),
  ('Sparkling Claw', 2, 2, 'Claw', 30),
  ('Fright Claw', 2, 2, 'Claw', 34),
  ('Double Claw', 2, 2, 'Claw', 36),
  ('Thresher Claw', 2, 2, 'Claw', 37),
  ('Gouger', 2, 2, 'Claw', 40),
  ('Tigers Paw', 2, 2, 'Claw', 43),
  ('Gut Ripper', 2, 2, 'Claw', 46),
  ('Prehistoric Claw', 2, 2, 'Claw', 49),
  ('Noble Claw', 2, 2, 'Claw', 52),
  ('Eagle Claw', 2, 2, 'Claw', 55),
  ('Twin Claw', 2, 2, 'Claw', 57),
  ('Great White Claw', 2, 2, 'Claw', 58),
  ('Throat Stabber', 2, 2, 'Claw', 60),
  ('Hellions Paw', 2, 2, 'Claw', 62),
  ('Eye Gouger', 2, 2, 'Claw', 64),
  ('Vaal Claw', 2, 2, 'Claw', 66),
  ('Imperial Claw', 2, 2, 'Claw', 68),
  ('Terror Claw', 2, 2, 'Claw', 70),
  ('Gemini Claw', 2, 2, 'Claw', 72),
  ('Glass Shank', 3, 1, 'Dagger', 1),
  ('Skinning Knife', 3, 1, 'Dagger', 5),
  ('Carving Knife', 3, 1, 'Dagger', 10),
  ('Stiletto', 3, 1, 'Dagger', 15),
  ('Boot Knife', 3, 1, 'Dagger', 20),
  ('Copper Kris', 3, 1, 'Dagger', 24),
  ('Skean', 3, 1, 'Dagger', 28),
  ('Imp Dagger', 3, 1, 'Dagger', 32),
  ('Flaying Knife', 3, 1, 'Dagger', 35),
  ('Prong Dagger', 3, 1, 'Dagger', 36),
  ('Butcher Knife', 3, 1, 'Dagger', 38),
  ('Poignard', 3, 1, 'Dagger', 41),
  ('Boot Blade', 3, 1, 'Dagger', 44),
  ('Golden Kris', 3, 1, 'Dagger', 47),
  ('Royal Skean', 3, 1, 'Dagger', 50),
  ('Fiend Dagger', 3, 1, 'Dagger', 53),
  ('Trisula', 3, 1, 'Dagger', 55),
  ('Gutting Knife', 3, 1, 'Dagger', 56),
  ('Slaughter Knife', 3, 1, 'Dagger', 58),
  ('Ambusher', 3, 1, 'Dagger', 60),
  ('Ezomyte Dagger', 3, 1, 'Dagger', 62),
  ('Platinum Kris', 3, 1, 'Dagger', 64),
  ('Imperial Skean', 3, 1, 'Dagger', 66),
  ('Demon Dagger', 3, 1, 'Dagger', 68),
  ('Sai', 3, 1, 'Dagger', 70),
  ('Driftwood Club', 3, 2, 'One Handed Mace', 1),
  ('Tribal Club', 3, 2, 'One Handed Mace', 5),
  ('Spiked Club', 3, 2, 'One Handed Mace', 10),
  ('Stone Hammer', 3, 2, 'One Handed Mace', 15),
  ('War Hammer', 3, 2, 'One Handed Mace', 20),
  ('Bladed Mace', 3, 2, 'One Handed Mace', 24),
  ('Ceremonial Mace', 3, 2, 'One Handed Mace', 28),
  ('Dream Mace', 3, 2, 'One Handed Mace', 32),
  ('Wyrm Mace', 3, 2, 'One Handed Mace', 34),
  ('Petrified Club', 3, 2, 'One Handed Mace', 35),
  ('Barbed Club', 3, 2, 'One Handed Mace', 38),
  ('Rock Breaker', 3, 2, 'One Handed Mace', 41),
  ('Battle Hammer', 3, 2, 'One Handed Mace', 44),
  ('Flanged Mace', 3, 2, 'One Handed Mace', 47),
  ('Ornate Mace', 3, 2, 'One Handed Mace', 50),
  ('Phantom Mace', 3, 2, 'One Handed Mace', 53),
  ('Dragon Mace', 3, 2, 'One Handed Mace', 55),
  ('Ancestral Club', 3, 2, 'One Handed Mace', 56),
  ('Tenderizer', 3, 2, 'One Handed Mace', 58),
  ('Gavel', 3, 2, 'One Handed Mace', 60),
  ('Legion Hammer', 3, 2, 'One Handed Mace', 62),
  ('Pernarch', 3, 2, 'One Handed Mace', 64),
  ('Auric Mace', 3, 2, 'One Handed Mace', 66),
  ('Nightmare Mace', 3, 2, 'One Handed Mace', 68),
  ('Behemoth Mace', 3, 2, 'One Handed Mace', 70),
  ('Driftwood Sceptre', 3, 2, 'Sceptre', 1),
  ('Darkwood Sceptre', 3, 2, 'Sceptre', 5),
  ('Bronze Sceptre', 3, 2, 'Sceptre', 10),
  ('Quartz Sceptre', 3, 2, 'Sceptre', 15),
  ('Iron Sceptre', 3, 2, 'Sceptre', 20),
  ('Ochre Sceptre', 3, 2, 'Sceptre', 24),
  ('Ritual Sceptre', 3, 2, 'Sceptre', 28),
  ('Shadow Sceptre', 3, 2, 'Sceptre', 32),
  ('Grinning Fetish', 3, 2, 'Sceptre', 35),
  ('Horned Sceptre', 3, 2, 'Sceptre', 36),
  ('Sekhem', 3, 2, 'Sceptre', 38),
  ('Crystal Sceptre', 3, 2, 'Sceptre', 41),
  ('Lead Sceptre', 3, 2, 'Sceptre', 44),
  ('Blood Sceptre', 3, 2, 'Sceptre', 47),
  ('Royal Sceptre', 3, 2, 'Sceptre', 50),
  ('Abyssal Sceptre', 3, 2, 'Sceptre', 53),
  ('Stag Sceptre', 3, 2, 'Sceptre', 55),
  ('Karui Sceptre', 3, 2, 'Sceptre', 56),
  ('Tyrants Sekhem', 3, 2, 'Sceptre', 58),
  ('Opal Sceptre', 3, 2, 'Sceptre', 60),
  ('Platinum Sceptre', 3, 2, 'Sceptre', 62),
  ('Vaal Sceptre', 3, 2, 'Sceptre', 64),
  ('Carnal Sceptre', 3, 2, 'Sceptre', 66),
  ('Void Sceptre', 3, 2, 'Sceptre', 68),
  ('Sambar Sceptre', 3, 2, 'Sceptre', 70),
  ('Gnarled Branch', 4, 2, 'Staff', 4),
  ('Primitive Staff', 4, 2, 'Staff', 9),
  ('Long Staff', 4, 2, 'Staff', 13),
  ('Iron Staff', 4, 2, 'Staff', 18),
  ('Coiled Staff', 4, 2, 'Staff', 23),
  ('Royal Staff', 4, 2, 'Staff', 28),
  ('Vile Staff', 4, 2, 'Staff', 33),
  ('Crescent Staff', 4, 2, 'Staff', 36),
  ('Woodful Staff', 4, 2, 'Staff', 37),
  ('Quarterstaff', 4, 2, 'Staff', 41),
  ('Military Staff', 4, 2, 'Staff', 45),
  ('Serpentine Staff', 4, 2, 'Staff', 49),
  ('Highborn Staff', 4, 2, 'Staff', 52),
  ('Foul Staff', 4, 2, 'Staff', 55),
  ('Moon Staff', 4, 2, 'Staff', 57),
  ('Primordial Staff', 4, 2, 'Staff', 58),
  ('Lathi', 4, 2, 'Staff', 60),
  ('Ezomyte Staff', 4, 2, 'Staff', 62),
  ('Maelström Staff', 4, 2, 'Staff', 64),
  ('Imperial Staff', 4, 2, 'Staff', 66),
  ('Judgement Staff', 4, 2, 'Staff', 68),
  ('Eclipse Staff', 4, 2, 'Staff', 70),
  ('Rusted Sword', 3, 2, 'One Handed Sword', 1),
  ('Copper Sword', 3, 2, 'One Handed Sword', 5),
  ('Sabre', 3, 2, 'One Handed Sword', 10),
  ('Broad Sword', 3, 2, 'One Handed Sword', 15),
  ('War Sword', 3, 2, 'One Handed Sword', 20),
  ('Ancient Sword', 3, 2, 'One Handed Sword', 24),
  ('Elegant Sword', 3, 2, 'One Handed Sword', 28),
  ('Dusk Blade', 3, 2, 'One Handed Sword', 32),
  ('Hook Sword', 3, 2, 'One Handed Sword', 34),
  ('Variscite Blade', 3, 2, 'One Handed Sword', 35),
  ('Cutlass', 3, 2, 'One Handed Sword', 38),
  ('Baselard', 3, 2, 'One Handed Sword', 41),
  ('Battle Sword', 3, 2, 'One Handed Sword', 44),
  ('Elder Sword', 3, 2, 'One Handed Sword', 47),
  ('Graceful Sword', 3, 2, 'One Handed Sword', 50),
  ('Twilight Blade', 3, 2, 'One Handed Sword', 53),
  ('Grappler', 3, 2, 'One Handed Sword', 55),
  ('Gemstone Sword', 3, 2, 'One Handed Sword', 56),
  ('Corsair Sword', 3, 2, 'One Handed Sword', 58),
  ('Gladius', 3, 2, 'One Handed Sword', 60),
  ('Legion Sword', 3, 2, 'One Handed Sword', 62),
  ('Vaal Blade', 3, 2, 'One Handed Sword', 64),
  ('Eternal Sword', 3, 2, 'One Handed Sword', 66),
  ('Midnight Blade', 3, 2, 'One Handed Sword', 68),
  ('Tiger Hook', 3, 2, 'One Handed Sword', 70),
  ('Corroded Blade', 4, 2, 'Two Handed Sword', 3),
  ('Longsword', 4, 2, 'Two Handed Sword', 8),
  ('Bastard Sword', 4, 2, 'Two Handed Sword', 12),
  ('minus Handed Sword', 4, 2, 'Two Handed Sword', 17),
  ('Etched Greatsword', 4, 2, 'Two Handed Sword', 22),
  ('Ornate Sword', 4, 2, 'Two Handed Sword', 27),
  ('Spectral Sword', 4, 2, 'Two Handed Sword', 32),
  ('Curved Blade', 4, 2, 'Two Handed Sword', 35),
  ('Butcher Sword', 4, 2, 'Two Handed Sword', 36),
  ('Footman Sword', 4, 2, 'Two Handed Sword', 40),
  ('Highland Blade', 4, 2, 'Two Handed Sword', 44),
  ('Engraved Greatsword', 4, 2, 'Two Handed Sword', 48),
  ('Tiger Sword', 4, 2, 'Two Handed Sword', 51),
  ('Wraith Sword', 4, 2, 'Two Handed Sword', 54),
  ('Lithe Blade', 4, 2, 'Two Handed Sword', 56),
  ('Headmans Sword', 4, 2, 'Two Handed Sword', 57),
  ('Reaver Sword', 4, 2, 'Two Handed Sword', 59),
  ('Ezomyte Blade', 4, 2, 'Two Handed Sword', 61),
  ('Vaal Greatsword', 4, 2, 'Two Handed Sword', 63),
  ('Lion Sword', 4, 2, 'Two Handed Sword', 65),
  ('Infernal Sword', 4, 2, 'Two Handed Sword', 67),
  ('Exquisite Blade', 4, 2, 'Two Handed Sword', 70),
  ('Rusted Spike', 4, 1, 'Thrusting One Hand Sword', 3),
  ('Whalebone Rapier', 4, 1, 'Thrusting One Hand Sword', 7),
  ('Battered Foil', 4, 1, 'Thrusting One Hand Sword', 12),
  ('Basket Rapier', 4, 1, 'Thrusting One Hand Sword', 17),
  ('Jagged Foil', 4, 1, 'Thrusting One Hand Sword', 22),
  ('Antique Rapier', 4, 1, 'Thrusting One Hand Sword', 26),
  ('Elegant Foil', 4, 1, 'Thrusting One Hand Sword', 30),
  ('Thorn Rapier', 4, 1, 'Thrusting One Hand Sword', 34),
  ('Smallsword', 4, 1, 'Thrusting One Hand Sword', 36),
  ('Wyrmbone Rapier', 4, 1, 'Thrusting One Hand Sword', 37),
  ('Burnished Foil', 4, 1, 'Thrusting One Hand Sword', 40),
  ('Estoc', 4, 1, 'Thrusting One Hand Sword', 43),
  ('Serrated Foil', 4, 1, 'Thrusting One Hand Sword', 46),
  ('Primeval Rapier', 4, 1, 'Thrusting One Hand Sword', 49),
  ('Fancy Foil', 4, 1, 'Thrusting One Hand Sword', 52),
  ('Apex Rapier', 4, 1, 'Thrusting One Hand Sword', 55),
  ('Courtesan Sword', 4, 1, 'Thrusting One Hand Sword', 57),
  ('Dragonbone Rapier', 4, 1, 'Thrusting One Hand Sword', 58),
  ('Tempered Foil', 4, 1, 'Thrusting One Hand Sword', 60),
  ('Pecoraro', 4, 1, 'Thrusting One Hand Sword', 62),
  ('Spiraled Foil', 4, 1, 'Thrusting One Hand Sword', 64),
  ('Vaal Rapier', 4, 1, 'Thrusting One Hand Sword', 66),
  ('Jewelled Foil', 4, 1, 'Thrusting One Hand Sword', 68),
  ('Harpy Rapier', 4, 1, 'Thrusting One Hand Sword', 70),
  ('Dragoon Sword', 4, 1, 'Thrusting One Hand Sword', 72),
  ('Driftwood Wand', 3, 1, 'Wand', 1),
  ('Goats Horn', 3, 1, 'Wand', 6),
  ('Carved Wand', 3, 1, 'Wand', 12),
  ('Quartz Wand', 3, 1, 'Wand', 18),
  ('Spiraled Wand', 3, 1, 'Wand', 24),
  ('Sage Wand', 3, 1, 'Wand', 30),
  ('Pagan Wand', 3, 1, 'Wand', 34),
  ('Fauns Horn', 3, 1, 'Wand', 35),
  ('Engraved Wand', 3, 1, 'Wand', 40),
  ('Crystal Wand', 3, 1, 'Wand', 45),
  ('Serpent Wand', 3, 1, 'Wand', 49),
  ('Omen Wand', 3, 1, 'Wand', 53),
  ('Heathen Wand', 3, 1, 'Wand', 55),
  ('Demons Horn', 3, 1, 'Wand', 56),
  ('Imbued Wand', 3, 1, 'Wand', 59),
  ('Opal Wand', 3, 1, 'Wand', 62),
  ('Tornado Wand', 3, 1, 'Wand', 65),
  ('Prophecy Wand', 3, 1, 'Wand', 68),
  ('Profane Wand', 3, 1, 'Wand', 70),
  ('Plate Vest', 3, 2, 'Body Armour', 1),
  ('Chestplate', 3, 2, 'Body Armour', 6),
  ('Copper Plate', 3, 2, 'Body Armour', 17),
  ('War Plate', 3, 2, 'Body Armour', 21),
  ('Full Plate', 3, 2, 'Body Armour', 28),
  ('Arena Plate', 3, 2, 'Body Armour', 32),
  ('Lordly Plate', 3, 2, 'Body Armour', 35),
  ('Bronze Plate', 3, 2, 'Body Armour', 37),
  ('Battle Plate', 3, 2, 'Body Armour', 41),
  ('Sun Plate', 3, 2, 'Body Armour', 45),
  ('Colosseum Plate', 3, 2, 'Body Armour', 49),
  ('Majestic Plate', 3, 2, 'Body Armour', 53),
  ('Golden Plate', 3, 2, 'Body Armour', 56),
  ('Crusader Plate', 3, 2, 'Body Armour', 59),
  ('Astral Plate', 3, 2, 'Body Armour', 62),
  ('Gladiator Plate', 3, 2, 'Body Armour', 65),
  ('Glorious Plate', 3, 2, 'Body Armour', 68),
  ('Shabby Jerkin', 3, 2, 'Body Armour', 2),
  ('Strapped Leather', 3, 2, 'Body Armour', 9),
  ('Buckskin Tunic', 3, 2, 'Body Armour', 17),
  ('Wild Leather', 3, 2, 'Body Armour', 25),
  ('Full Leather', 3, 2, 'Body Armour', 28),
  ('Sun Leather', 3, 2, 'Body Armour', 32),
  ('Thiefs Garb', 3, 2, 'Body Armour', 35),
  ('Eelskin Tunic', 3, 2, 'Body Armour', 37),
  ('Frontier Leather', 3, 2, 'Body Armour', 41),
  ('Glorious Leather', 3, 2, 'Body Armour', 45),
  ('Coronal Leather', 3, 2, 'Body Armour', 49),
  ('Cutthroats Garb', 3, 2, 'Body Armour', 53),
  ('Sharkskin Tunic', 3, 2, 'Body Armour', 56),
  ('Destiny Leather', 3, 2, 'Body Armour', 59),
  ('Exquisite Leather', 3, 2, 'Body Armour', 62),
  ('Zodiac Leather', 3, 2, 'Body Armour', 65),
  ('Assassins Garb', 3, 2, 'Body Armour', 68),
  ('Simple Robe', 3, 2, 'Body Armour', 3),
  ('Silken Vest', 3, 2, 'Body Armour', 11),
  ('Scholars Robe', 3, 2, 'Body Armour', 18),
  ('Silken Garb', 3, 2, 'Body Armour', 25),
  ('Mages Vestment', 3, 2, 'Body Armour', 28),
  ('Silk Robe', 3, 2, 'Body Armour', 32),
  ('Cabalist Regalia', 3, 2, 'Body Armour', 35),
  ('Sages Robe', 3, 2, 'Body Armour', 37),
  ('Silken Wrap', 3, 2, 'Body Armour', 41),
  ('Conjurers Vestment', 3, 2, 'Body Armour', 45),
  ('Spidersilk Robe', 3, 2, 'Body Armour', 49),
  ('Destroyer Regalia', 3, 2, 'Body Armour', 53),
  ('Savants Robe', 3, 2, 'Body Armour', 56),
  ('Necromancer Silks', 3, 2, 'Body Armour', 59),
  ('Occultists Vestment', 3, 2, 'Body Armour', 62),
  ('Widowsilk Robe', 3, 2, 'Body Armour', 65),
  ('Vaal Regalia', 3, 2, 'Body Armour', 68),
  ('Scale Vest', 3, 2, 'Body Armour', 4),
  ('Light Brigandine', 3, 2, 'Body Armour', 8),
  ('Scale Doublet', 3, 2, 'Body Armour', 17),
  ('Infantry Brigandine', 3, 2, 'Body Armour', 21),
  ('Full Scale Armour', 3, 2, 'Body Armour', 28),
  ('Soldiers Brigandine', 3, 2, 'Body Armour', 32),
  ('Field Lamellar', 3, 2, 'Body Armour', 35),
  ('Wyrmscale Doublet', 3, 2, 'Body Armour', 38),
  ('Hussar Brigandine', 3, 2, 'Body Armour', 42),
  ('Full Wyrmscale', 3, 2, 'Body Armour', 46),
  ('Commanders Brigandine', 3, 2, 'Body Armour', 50),
  ('Battle Lamellar', 3, 2, 'Body Armour', 54),
  ('Dragonscale Doublet', 3, 2, 'Body Armour', 57),
  ('Desert Brigandine', 3, 2, 'Body Armour', 60),
  ('Full Dragonscale', 3, 2, 'Body Armour', 63),
  ('Generals Brigandine', 3, 2, 'Body Armour', 66),
  ('Triumphant Lamellar', 3, 2, 'Body Armour', 69),
  ('Chainmail Vest', 3, 2, 'Body Armour', 4),
  ('Chainmail Tunic', 3, 2, 'Body Armour', 8),
  ('Ringmail Coat', 3, 2, 'Body Armour', 17),
  ('Chainmail Doublet', 3, 2, 'Body Armour', 21),
  ('Full Ringmail', 3, 2, 'Body Armour', 28),
  ('Full Chainmail', 3, 2, 'Body Armour', 32),
  ('Holy Chainmail', 3, 2, 'Body Armour', 35),
  ('Latticed Ringmail', 3, 2, 'Body Armour', 39),
  ('Crusader Chainmail', 3, 2, 'Body Armour', 43),
  ('Ornate Ringmail', 3, 2, 'Body Armour', 47),
  ('Chain Hauberk', 3, 2, 'Body Armour', 51),
  ('Devout Chainmail', 3, 2, 'Body Armour', 55),
  ('Loricated Ringmail', 3, 2, 'Body Armour', 58),
  ('Conquest Chainmail', 3, 2, 'Body Armour', 61),
  ('Elegant Ringmail', 3, 2, 'Body Armour', 64),
  ('Saints Hauberk', 3, 2, 'Body Armour', 67),
  ('Saintly Chainmail', 3, 2, 'Body Armour', 70),
  ('Padded Vest', 3, 2, 'Body Armour', 4),
  ('Oiled Vest', 3, 2, 'Body Armour', 9),
  ('Padded Jacket', 3, 2, 'Body Armour', 18),
  ('Oiled Coat', 3, 2, 'Body Armour', 22),
  ('Scarlet Raiment', 3, 2, 'Body Armour', 28),
  ('Waxed Garb', 3, 2, 'Body Armour', 32),
  ('Bone Armour', 3, 2, 'Body Armour', 35),
  ('Quilted Jacket', 3, 2, 'Body Armour', 40),
  ('Sleek Coat', 3, 2, 'Body Armour', 44),
  ('Crimson Raiment', 3, 2, 'Body Armour', 48),
  ('Lacquered Garb', 3, 2, 'Body Armour', 52),
  ('Crypt Armour', 3, 2, 'Body Armour', 56),
  ('Sentinel Jacket', 3, 2, 'Body Armour', 59),
  ('Varnished Coat', 3, 2, 'Body Armour', 62),
  ('Blood Raiment', 3, 2, 'Body Armour', 65),
  ('Sadist Garb', 3, 2, 'Body Armour', 68),
  ('Carnal Armour', 3, 2, 'Body Armour', 71),
  ('Iron Greaves', 2, 2, 'Boots', 1),
  ('Steel Greaves', 2, 2, 'Boots', 9),
  ('Plated Greaves', 2, 2, 'Boots', 23),
  ('Reinforced Greaves', 2, 2, 'Boots', 33),
  ('Antique Greaves', 2, 2, 'Boots', 37),
  ('Ancient Greaves', 2, 2, 'Boots', 46),
  ('Goliath Greaves', 2, 2, 'Boots', 54),
  ('Vaal Greaves', 2, 2, 'Boots', 62),
  ('Titan Greaves', 2, 2, 'Boots', 68),
  ('Rawhide Boots', 2, 2, 'Boots', 3),
  ('Goathide Boots', 2, 2, 'Boots', 12),
  ('Deerskin Boots', 2, 2, 'Boots', 22),
  ('Nubuck Boots', 2, 2, 'Boots', 34),
  ('Eelskin Boots', 2, 2, 'Boots', 39),
  ('Sharkskin Boots', 2, 2, 'Boots', 44),
  ('Shagreen Boots', 2, 2, 'Boots', 55),
  ('Stealth Boots', 2, 2, 'Boots', 62),
  ('Slink Boots', 2, 2, 'Boots', 69),
  ('Wool Shoes', 2, 2, 'Boots', 3),
  ('Velvet Slippers', 2, 2, 'Boots', 9),
  ('Silk Slippers', 2, 2, 'Boots', 22),
  ('Scholar Boots', 2, 2, 'Boots', 32),
  ('Satin Slippers', 2, 2, 'Boots', 38),
  ('Samite Slippers', 2, 2, 'Boots', 44),
  ('Conjurer Boots', 2, 2, 'Boots', 53),
  ('Arcanist Slippers', 2, 2, 'Boots', 61),
  ('Sorcerer Boots', 2, 2, 'Boots', 67),
  ('Leatherscale Boots', 2, 2, 'Boots', 6),
  ('Ironscale Boots', 2, 2, 'Boots', 18),
  ('Bronzescale Boots', 2, 2, 'Boots', 30),
  ('Steelscale Boots', 2, 2, 'Boots', 36),
  ('Serpentscale Boots', 2, 2, 'Boots', 42),
  ('Wyrmscale Boots', 2, 2, 'Boots', 51),
  ('Hydrascale Boots', 2, 2, 'Boots', 59),
  ('Dragonscale Boots', 2, 2, 'Boots', 65),
  ('Two Toned Boots', 2, 2, 'Boots', 70),
  ('Chain Boots', 2, 2, 'Boots', 5),
  ('Ringmail Boots', 2, 2, 'Boots', 13),
  ('Mesh Boots', 2, 2, 'Boots', 28),
  ('Riveted Boots', 2, 2, 'Boots', 36),
  ('Zealot Boots', 2, 2, 'Boots', 40),
  ('Soldier Boots', 2, 2, 'Boots', 49),
  ('Legion Boots', 2, 2, 'Boots', 58),
  ('Crusader Boots', 2, 2, 'Boots', 64),
  ('Wrapped Boots', 2, 2, 'Boots', 6),
  ('Strapped Boots', 2, 2, 'Boots', 16),
  ('Clasped Boots', 2, 2, 'Boots', 27),
  ('Shackled Boots', 2, 2, 'Boots', 34),
  ('Trapper Boots', 2, 2, 'Boots', 41),
  ('Ambush Boots', 2, 2, 'Boots', 47),
  ('Carnal Boots', 2, 2, 'Boots', 55),
  ('Assassins Boots', 2, 2, 'Boots', 63),
  ('Murder Boots', 2, 2, 'Boots', 69),
  ('Iron Gauntlets', 2, 2, 'Gloves', 1),
  ('Plated Gauntlets', 2, 2, 'Gloves', 11),
  ('Bronze Gauntlets', 2, 2, 'Gloves', 23),
  ('Steel Gauntlets', 2, 2, 'Gloves', 35),
  ('Antique Gauntlets', 2, 2, 'Gloves', 39),
  ('Ancient Gauntlets', 2, 2, 'Gloves', 47),
  ('Goliath Gauntlets', 2, 2, 'Gloves', 53),
  ('Vaal Gauntlets', 2, 2, 'Gloves', 63),
  ('Titan Gauntlets', 2, 2, 'Gloves', 69),
  ('Spiked Gloves', 2, 2, 'Gloves', 70),
  ('Rawhide Gloves', 2, 2, 'Gloves', 3),
  ('Goathide Gloves', 2, 2, 'Gloves', 9),
  ('Deerskin Gloves', 2, 2, 'Gloves', 21),
  ('Nubuck Gloves', 2, 2, 'Gloves', 33),
  ('Eelskin Gloves', 2, 2, 'Gloves', 38),
  ('Sharkskin Gloves', 2, 2, 'Gloves', 45),
  ('Shagreen Gloves', 2, 2, 'Gloves', 54),
  ('Stealth Gloves', 2, 2, 'Gloves', 62),
  ('Slink Gloves', 2, 2, 'Gloves', 70),
  ('Gripped Gloves', 2, 2, 'Gloves', 70),
  ('Wool Gloves', 2, 2, 'Gloves', 3),
  ('Velvet Gloves', 2, 2, 'Gloves', 12),
  ('Silk Gloves', 2, 2, 'Gloves', 25),
  ('Embroidered Gloves', 2, 2, 'Gloves', 36),
  ('Satin Gloves', 2, 2, 'Gloves', 41),
  ('Samite Gloves', 2, 2, 'Gloves', 47),
  ('Conjurer Gloves', 2, 2, 'Gloves', 55),
  ('Arcanist Gloves', 2, 2, 'Gloves', 60),
  ('Sorcerer Gloves', 2, 2, 'Gloves', 69),
  ('Fingerless Silk Gloves', 2, 2, 'Gloves', 70),
  ('Fishscale Gauntlets', 2, 2, 'Gloves', 4),
  ('Ironscale Gauntlets', 2, 2, 'Gloves', 15),
  ('Bronzescale Gauntlets', 2, 2, 'Gloves', 27),
  ('Steelscale Gauntlets', 2, 2, 'Gloves', 36),
  ('Serpentscale Gauntlets', 2, 2, 'Gloves', 43),
  ('Wyrmscale Gauntlets', 2, 2, 'Gloves', 49),
  ('Hydrascale Gauntlets', 2, 2, 'Gloves', 59),
  ('Dragonscale Gauntlets', 2, 2, 'Gloves', 67),
  ('Chain Gloves', 2, 2, 'Gloves', 7),
  ('Ringmail Gloves', 2, 2, 'Gloves', 19),
  ('Mesh Gloves', 2, 2, 'Gloves', 32),
  ('Riveted Gloves', 2, 2, 'Gloves', 37),
  ('Zealot Gloves', 2, 2, 'Gloves', 43),
  ('Soldier Gloves', 2, 2, 'Gloves', 51),
  ('Legion Gloves', 2, 2, 'Gloves', 57),
  ('Crusader Gloves', 2, 2, 'Gloves', 66),
  ('Wrapped Mitts', 2, 2, 'Gloves', 5),
  ('Strapped Mitts', 2, 2, 'Gloves', 16),
  ('Clasped Mitts', 2, 2, 'Gloves', 31),
  ('Trapper Mitts', 2, 2, 'Gloves', 36),
  ('Ambush Mitts', 2, 2, 'Gloves', 45),
  ('Carnal Mitts', 2, 2, 'Gloves', 50),
  ('Assassins Mitts', 2, 2, 'Gloves', 58),
  ('Murder Mitts', 2, 2, 'Gloves', 67),
  ('Iron Hat', 2, 2, 'Helmet', 1),
  ('Cone Helmet', 2, 2, 'Helmet', 7),
  ('Barbute Helmet', 2, 2, 'Helmet', 18),
  ('Close Helmet', 2, 2, 'Helmet', 26),
  ('Gladiator Helmet', 2, 2, 'Helmet', 35),
  ('Reaver Helmet', 2, 2, 'Helmet', 40),
  ('Siege Helmet', 2, 2, 'Helmet', 48),
  ('Samite Helmet', 2, 2, 'Helmet', 55),
  ('Ezomyte Burgonet', 2, 2, 'Helmet', 60),
  ('Royal Burgonet', 2, 2, 'Helmet', 65),
  ('Eternal Burgonet', 2, 2, 'Helmet', 69),
  ('Leather Cap', 2, 2, 'Helmet', 3),
  ('Tricorne', 2, 2, 'Helmet', 10),
  ('Leather Hood', 2, 2, 'Helmet', 20),
  ('Wolf Pelt', 2, 2, 'Helmet', 30),
  ('Hunter Hood', 2, 2, 'Helmet', 41),
  ('Noble Tricorne', 2, 2, 'Helmet', 47),
  ('Ursine Pelt', 2, 2, 'Helmet', 55),
  ('Silken Hood', 2, 2, 'Helmet', 60),
  ('Sinner Tricorne', 2, 2, 'Helmet', 64),
  ('Lion Pelt', 2, 2, 'Helmet', 70),
  ('Vine Circlet', 2, 2, 'Helmet', 3),
  ('Iron Circlet', 2, 2, 'Helmet', 8),
  ('Torture Cage', 2, 2, 'Helmet', 17),
  ('Tribal Circlet', 2, 2, 'Helmet', 26),
  ('Bone Circlet', 2, 2, 'Helmet', 34),
  ('Lunaris Circlet', 2, 2, 'Helmet', 39),
  ('Steel Circlet', 2, 2, 'Helmet', 48),
  ('Necromancer Circlet', 2, 2, 'Helmet', 54),
  ('Solaris Circlet', 2, 2, 'Helmet', 59),
  ('Mind Cage', 2, 2, 'Helmet', 65),
  ('Hubris Circlet', 2, 2, 'Helmet', 69),
  ('Battered Helm', 2, 2, 'Helmet', 4),
  ('Sallet', 2, 2, 'Helmet', 13),
  ('Visored Sallet', 2, 2, 'Helmet', 23),
  ('Gilded Sallet', 2, 2, 'Helmet', 33),
  ('Secutor Helm', 2, 2, 'Helmet', 36),
  ('Fencer Helm', 2, 2, 'Helmet', 43),
  ('Lacquered Helmet', 2, 2, 'Helmet', 51),
  ('Fluted Bascinet', 2, 2, 'Helmet', 58),
  ('Pig Faced Bascinet', 2, 2, 'Helmet', 63),
  ('Nightmare Bascinet', 2, 2, 'Helmet', 67),
  ('Rusted Coif', 2, 2, 'Helmet', 5),
  ('Soldier Helmet', 2, 2, 'Helmet', 12),
  ('Great Helmet', 2, 2, 'Helmet', 22),
  ('Crusader Helmet', 2, 2, 'Helmet', 31),
  ('Aventail Helmet', 2, 2, 'Helmet', 37),
  ('Zealot Helmet', 2, 2, 'Helmet', 44),
  ('Great Crown', 2, 2, 'Helmet', 53),
  ('Magistrate Crown', 2, 2, 'Helmet', 58),
  ('Prophet Crown', 2, 2, 'Helmet', 63),
  ('Praetor Crown', 2, 2, 'Helmet', 68),
  ('Bone Helmet', 2, 2, 'Helmet', 73),
  ('Scare Mask', 2, 2, 'Helmet', 4),
  ('Plague Mask', 2, 2, 'Helmet', 10),
  ('Iron Mask', 2, 2, 'Helmet', 17),
  ('Festival Mask', 2, 2, 'Helmet', 28),
  ('Golden Mask', 2, 2, 'Helmet', 35),
  ('Raven Mask', 2, 2, 'Helmet', 38),
  ('Callous Mask', 2, 2, 'Helmet', 45),
  ('Regicide Mask', 2, 2, 'Helmet', 52),
  ('Harlequin Mask', 2, 2, 'Helmet', 57),
  ('Vaal Mask', 2, 2, 'Helmet', 62),
  ('Deicide Mask', 2, 2, 'Helmet', 67),
  ('Splintered Tower Shield', 2, 2, 'Shield', 1),
  ('Corroded Tower Shield', 2, 2, 'Shield', 5),
  ('Rawhide Tower Shield', 2, 2, 'Shield', 11),
  ('Cedar Tower Shield', 2, 2, 'Shield', 17),
  ('Copper Tower Shield', 2, 2, 'Shield', 24),
  ('Reinforced Tower Shield', 2, 2, 'Shield', 30),
  ('Painted Tower Shield', 2, 2, 'Shield', 35),
  ('Buckskin Tower Shield', 2, 2, 'Shield', 39),
  ('Mahogany Tower Shield', 2, 2, 'Shield', 43),
  ('Bronze Tower Shield', 2, 2, 'Shield', 47),
  ('Girded Tower Shield', 2, 2, 'Shield', 51),
  ('Crested Tower Shield', 2, 2, 'Shield', 55),
  ('Shagreen Tower Shield', 2, 2, 'Shield', 58),
  ('Ebony Tower Shield', 2, 2, 'Shield', 61),
  ('Ezomyte Tower Shield', 2, 2, 'Shield', 64),
  ('Colossal Tower Shield', 2, 2, 'Shield', 67),
  ('Pinnacle Tower Shield', 2, 2, 'Shield', 70),
  ('Goathide Buckler', 2, 2, 'Shield', 2),
  ('Pine Buckler', 2, 2, 'Shield', 8),
  ('Painted Buckler', 2, 2, 'Shield', 16),
  ('Hammered Buckler', 2, 2, 'Shield', 23),
  ('War Buckler', 2, 2, 'Shield', 29),
  ('Gilded Buckler', 2, 2, 'Shield', 34),
  ('Oak Buckler', 2, 2, 'Shield', 38),
  ('Enameled Buckler', 2, 2, 'Shield', 42),
  ('Corrugated Buckler', 2, 2, 'Shield', 46),
  ('Battle Buckler', 2, 2, 'Shield', 50),
  ('Golden Buckler', 2, 2, 'Shield', 54),
  ('Ironwood Buckler', 2, 2, 'Shield', 57),
  ('Lacquered Buckler', 2, 2, 'Shield', 60),
  ('Vaal Buckler', 2, 2, 'Shield', 63),
  ('Crusader Buckler', 2, 2, 'Shield', 66),
  ('Imperial Buckler', 2, 2, 'Shield', 69),
  ('Twig Spirit Shield', 2, 2, 'Shield', 3),
  ('Yew Spirit Shield', 2, 2, 'Shield', 9),
  ('Bone Spirit Shield', 2, 2, 'Shield', 15),
  ('Tarnished Spirit Shield', 2, 2, 'Shield', 23),
  ('Jingling Spirit Shield', 2, 2, 'Shield', 28),
  ('Brass Spirit Shield', 2, 2, 'Shield', 33),
  ('Walnut Spirit Shield', 2, 2, 'Shield', 37),
  ('Ivory Spirit Shield', 2, 2, 'Shield', 41),
  ('Ancient Spirit Shield', 2, 2, 'Shield', 45),
  ('Chiming Spirit Shield', 2, 2, 'Shield', 49),
  ('Thorium Spirit Shield', 2, 2, 'Shield', 53),
  ('Lacewood Spirit Shield', 2, 2, 'Shield', 56),
  ('Fossilised Spirit Shield', 2, 2, 'Shield', 59),
  ('Vaal Spirit Shield', 2, 2, 'Shield', 62),
  ('Harmonic Spirit Shield', 2, 2, 'Shield', 65),
  ('Titanium Spirit Shield', 2, 2, 'Shield', 68),
  ('Rotted Round Shield', 2, 2, 'Shield', 5),
  ('Fir Round Shield', 2, 2, 'Shield', 12),
  ('Studded Round Shield', 2, 2, 'Shield', 20),
  ('Scarlet Round Shield', 2, 2, 'Shield', 27),
  ('Splendid Round Shield', 2, 2, 'Shield', 33),
  ('Maple Round Shield', 2, 2, 'Shield', 39),
  ('Spiked Round Shield', 2, 2, 'Shield', 45),
  ('Crimson Round Shield', 2, 2, 'Shield', 49),
  ('Baroque Round Shield', 2, 2, 'Shield', 54),
  ('Teak Round Shield', 2, 2, 'Shield', 58),
  ('Spiny Round Shield', 2, 2, 'Shield', 62),
  ('Cardinal Round Shield', 2, 2, 'Shield', 66),
  ('Elegant Round Shield', 2, 2, 'Shield', 70),
  ('Plank Kite Shield', 2, 2, 'Shield', 7),
  ('Linden Kite Shield', 2, 2, 'Shield', 13),
  ('Reinforced Kite Shield', 2, 2, 'Shield', 20),
  ('Layered Kite Shield', 2, 2, 'Shield', 27),
  ('Ceremonial Kite Shield', 2, 2, 'Shield', 34),
  ('Etched Kite Shield', 2, 2, 'Shield', 40),
  ('Steel Kite Shield', 2, 2, 'Shield', 46),
  ('Laminated Kite Shield', 2, 2, 'Shield', 50),
  ('Angelic Kite Shield', 2, 2, 'Shield', 55),
  ('Branded Kite Shield', 2, 2, 'Shield', 59),
  ('Champion Kite Shield', 2, 2, 'Shield', 62),
  ('Mosaic Kite Shield', 2, 2, 'Shield', 65),
  ('Archon Kite Shield', 2, 2, 'Shield', 68),
  ('Spiked Bundle', 2, 2, 'Shield', 5),
  ('Driftwood Spiked Shield', 2, 2, 'Shield', 12),
  ('Alloyed Spiked Shield', 2, 2, 'Shield', 20),
  ('Burnished Spiked Shield', 2, 2, 'Shield', 27),
  ('Ornate Spiked Shield', 2, 2, 'Shield', 33),
  ('Redwood Spiked Shield', 2, 2, 'Shield', 39),
  ('Compound Spiked Shield', 2, 2, 'Shield', 45),
  ('Polished Spiked Shield', 2, 2, 'Shield', 49),
  ('Sovereign Spiked Shield', 2, 2, 'Shield', 54),
  ('Alder Spiked Shield', 2, 2, 'Shield', 58),
  ('Ezomyte Spiked Shield', 2, 2, 'Shield', 62),
  ('Mirrored Spiked Shield', 2, 2, 'Shield', 66),
  ('Supreme Spiked Shield', 2, 2, 'Shield', 70),
  ('Small Life Flask', 2, 1, 'Life Flasks', 1),
  ('Medium Life Flask', 2, 1, 'Life Flasks', 3),
  ('Large Life Flask', 2, 1, 'Life Flasks', 6),
  ('Greater Life Flask', 2, 1, 'Life Flasks', 12),
  ('Grand Life Flask', 2, 1, 'Life Flasks', 18),
  ('Giant Life Flask', 2, 1, 'Life Flasks', 24),
  ('Colossal Life Flask', 2, 1, 'Life Flasks', 30),
  ('Sacred Life Flask', 2, 1, 'Life Flasks', 36),
  ('Hallowed Life Flask', 2, 1, 'Life Flasks', 42),
  ('Sanctified Life Flask', 2, 1, 'Life Flasks', 50),
  ('Divine Life Flask', 2, 1, 'Life Flasks', 60),
  ('Eternal Life Flask', 2, 1, 'Life Flasks', 65),
  ('Small Mana Flask', 2, 1, 'Mana Flasks', 1),
  ('Medium Mana Flask', 2, 1, 'Mana Flasks', 3),
  ('Large Mana Flask', 2, 1, 'Mana Flasks', 6),
  ('Greater Mana Flask', 2, 1, 'Mana Flasks', 12),
  ('Grand Mana Flask', 2, 1, 'Mana Flasks', 18),
  ('Giant Mana Flask', 2, 1, 'Mana Flasks', 24),
  ('Colossal Mana Flask', 2, 1, 'Mana Flasks', 30),
  ('Sacred Mana Flask', 2, 1, 'Mana Flasks', 36),
  ('Hallowed Mana Flask', 2, 1, 'Mana Flasks', 42),
  ('Sanctified Mana Flask', 2, 1, 'Mana Flasks', 50),
  ('Divine Mana Flask', 2, 1, 'Mana Flasks', 60),
  ('Eternal Mana Flask', 2, 1, 'Mana Flasks', 65),
  ('Small Hybrid Flask', 2, 1, 'Hybrid Flasks', 10),
  ('Medium Hybrid Flask', 2, 1, 'Hybrid Flasks', 20),
  ('Large Hybrid Flask', 2, 1, 'Hybrid Flasks', 30),
  ('Colossal Hybrid Flask', 2, 1, 'Hybrid Flasks', 40),
  ('Sacred Hybrid Flask', 2, 1, 'Hybrid Flasks', 50),
  ('Hallowed Hybrid Flask', 2, 1, 'Hybrid Flasks', 60),
  ('Coral Amulet', 1, 1, 'Amulet', 1),
  ('Paua Amulet', 1, 1, 'Amulet', 1),
  ('Amber Amulet', 1, 1, 'Amulet', 5),
  ('Jade Amulet', 1, 1, 'Amulet', 5),
  ('Lapis Amulet', 1, 1, 'Amulet', 5),
  ('Gold Amulet', 1, 1, 'Amulet', 8),
  ('Agate Amulet', 1, 1, 'Amulet', 16),
  ('Citrine Amulet', 1, 1, 'Amulet', 16),
  ('Turquoise Amulet', 1, 1, 'Amulet', 16),
  ('Onyx Amulet', 1, 1, 'Amulet', 20),
  ('Marble Amulet', 1, 1, 'Amulet', 74),
  ('Blue Pearl Amulet', 1, 1, 'Amulet', 77),
  ('Coral Ring', 1, 1, 'Ring', 1),
  ('Iron Ring', 1, 1, 'Ring', 1),
  ('Paua Ring', 1, 1, 'Ring', 1),
  ('Unset Ring', 1, 1, 'Ring', 5),
  ('Sapphire Ring', 1, 1, 'Ring', 8),
  ('Topaz Ring', 1, 1, 'Ring', 12),
  ('Ruby Ring', 1, 1, 'Ring', 16),
  ('Diamond Ring', 1, 1, 'Ring', 20),
  ('Gold Ring', 1, 1, 'Ring', 20),
  ('Moonstone Ring', 1, 1, 'Ring', 20),
  ('Two Stone Ring', 1, 1, 'Ring', 20),
  ('Amethyst Ring', 1, 1, 'Ring', 30),
  ('Prismatic Ring', 1, 1, 'Ring', 30),
  ('Opal Ring', 1, 1, 'Ring', 80),
  ('Steel Ring', 1, 1, 'Ring', 80),
  ('Chain Belt', 1, 1, 'Belt', 1),
  ('Rustic Sash', 1, 1, 'Belt', 1),
  ('Stygian Vise', 1, 1, 'Belt', 1),
  ('Heavy Belt', 1, 1, 'Belt', 8),
  ('Leather Belt', 1, 1, 'Belt', 8),
  ('Cloth Belt', 1, 1, 'Belt', 16),
  ('Studded Belt', 1, 1, 'Belt', 16),
  ('Vanguard Belt', 1, 1, 'Belt', 78),
  ('Crystal Belt', 1, 1, 'Belt', 79);

INSERT INTO maps (name, tier)
VALUES
  ('Flooded Mine Map', 1),
  ('Channel Map', 1),
  ('Atoll Map', 1),
  ('Ramparts Map', 1),
  ('Dungeon Map', 2),
  ('Pen Map', 2),
  ('Arid Lake Map', 2),
  ('Iceberg Map', 2),
  ('Thicket Map', 2),
  ('Armoury Map', 2),
  ('Graveyard Map', 3),
  ('Desert Map', 3),
  ('Cage Map', 3),
  ('Fungal Hollow Map', 3),
  ('Excavation Map', 3),
  ('Peninsula Map', 3),
  ('Grotto Map', 3),
  ('Shipyard Map', 3),
  ('Bone Crypt Map', 3),
  ('Cursed Crypt Map', 3),
  ('Glacier Map', 4),
  ('Strand Map', 4),
  ('Lookout Map', 4),
  ('Spider Lair Map', 4),
  ('Barrows Map', 4),
  ('Beach Map', 4),
  ('Marshes Map', 4),
  ('Lighthouse Map', 4),
  ('Crater Map', 4),
  ('Courtyard Map', 4),
  ('Port Map', 5),
  ('Alleyways Map', 5),
  ('Maze Map', 5),
  ('Mausoleum Map', 5),
  ('Residence Map', 5),
  ('City Square Map', 5),
  ('Jungle Valley Map', 5),
  ('Underground Sea Map', 5),
  ('Gardens Map', 5),
  ('Vaal Pyramid Map', 5),
  ('Phantasmagoria Map', 6),
  ('Academy Map', 6),
  ('Volcano Map', 6),
  ('Canyon Map', 6),
  ('Fields Map', 6),
  ('Wharf Map', 6),
  ('Ashen Wood Map', 6),
  ('Sulphur Vents Map', 6),
  ('Precinct Map', 6),
  ('Haunted Mansion Map', 6),
  ('Temple Map', 6),
  ('Cells Map', 7),
  ('Arcade Map', 7),
  ('Conservatory Map', 7),
  ('Toxic Sewer Map', 7),
  ('Ghetto Map', 7),
  ('Lava Chamber Map', 7),
  ('Dunes Map', 7),
  ('Underground River Map', 7),
  ('Primordial Pool Map', 7),
  ('Bazaar Map', 7),
  ('Geode Map', 7),
  ('Mud Geyser Map', 8),
  ('Shore Map', 8),
  ('Laboratory Map', 8),
  ('Infested Valley Map', 8),
  ('Sepulchre Map', 8),
  ('Wasteland Map', 8),
  ('Orchard Map', 8),
  ('Promenade Map', 8),
  ('Arachnid Nest Map', 8),
  ('Overgrown Ruin Map', 8),
  ('Mineral Pools Map', 8),
  ('Moon Temple Map', 9),
  ('Relic Chambers Map', 9),
  ('Tropical Island Map', 9),
  ('Waste Pool Map', 9),
  ('Vault Map', 9),
  ('Arena Map', 9),
  ('Museum Map', 9),
  ('Scriptorium Map', 9),
  ('Ancient City Map', 9),
  ('Waterways Map', 9),
  ('Cemetery Map', 9),
  ('Coral Ruins Map', 10),
  ('Leyline Map', 10),
  ('Plateau Map', 10),
  ('Estuary Map', 10),
  ('Belfry Map', 10),
  ('Pier Map', 10),
  ('Spider Forest Map', 10),
  ('Coves Map', 10),
  ('Plaza Map', 10),
  ('Pit Map', 10),
  ('Siege Map', 11),
  ('Arachnid Tomb Map', 11),
  ('Crystal Ore Map', 11),
  ('Park Map', 11),
  ('Bog Map', 11),
  ('Lair Map', 11),
  ('Factory Map', 11),
  ('Mesa Map', 11),
  ('Burial Chambers Map', 11),
  ('Chateau Map', 11),
  ('Ivory Temple Map', 12),
  ('Colonnade Map', 12),
  ('Arsenal Map', 12),
  ('Defiled Cathedral Map', 12),
  ('Overgrown Shrine Map', 12),
  ('Castle Ruins Map', 12),
  ('Villa Map', 12),
  ('Necropolis Map', 12),
  ('Malformation Map', 12),
  ('Caldera Map', 13),
  ('Reef Map', 13),
  ('Racecourse Map', 13),
  ('Crimson Temple Map', 13),
  ('Dig Map', 13),
  ('Core Map', 13),
  ('Colosseum Map', 13),
  ('Acid Caverns Map', 13),
  ('Shrine Map', 13),
  ('Courthouse Map', 14),
  ('Terrace Map', 14),
  ('Dark Forest Map', 14),
  ('Palace Map', 14),
  ('Basilica Map', 14),
  ('Sunken City Map', 14),
  ('Carcass Map', 14),
  ('Tower Map', 15),
  ('Summit Map', 15),
  ('Primordial Blocks Map', 15),
  ('Desert Spring Map', 15),
  ('Lava Lake Map', 15),
  ('Forge of the Phoenix Map', 16),
  ('Lair of the Hydra Map', 16),
  ('Maze of the Minotaur Map', 16),
  ('Pit of the Chimera Map', 16);

INSERT INTO essences (name, upgrades_to)
  VALUES
  ('Remnant of Corruption', null),
  ('Essence of Horror', null),
  ('Essence of Insanity', null),
  ('Essence of Delirium', null),
  ('Essence of Hysteria', null),
  ('Deafening Essence of Fear', null),
  ('Deafening Essence of Misery', null),
  ('Deafening Essence of Anger', null),
  ('Deafening Essence of Torment', null),
  ('Deafening Essence of Doubt', null),
  ('Deafening Essence of Hatred', null),
  ('Deafening Essence of Dread', null),
  ('Deafening Essence of Greed', null),
  ('Deafening Essence of Rage', null),
  ('Deafening Essence of Contempt', null),
  ('Deafening Essence of Scorn', null),
  ('Deafening Essence of Zeal', null),
  ('Deafening Essence of Spite', null),
  ('Deafening Essence of Envy', null),
  ('Deafening Essence of Sorrow', null),
  ('Deafening Essence of Woe', null),
  ('Deafening Essence of Wrath', null),
  ('Deafening Essence of Anguish', null),
  ('Deafening Essence of Loathing', null),
  ('Deafening Essence of Suffering', null),
  ('Shrieking Essence of Dread', 'Deafening Essence of Dread'),
  ('Shrieking Essence of Greed', 'Deafening Essence of Greed'),
  ('Shrieking Essence of Rage', 'Deafening Essence of Rage'),
  ('Shrieking Essence of Contempt', 'Deafening Essence of Contempt'),
  ('Shrieking Essence of Scorn', 'Deafening Essence of Scorn'),
  ('Shrieking Essence of Zeal', 'Deafening Essence of Zeal'),
  ('Shrieking Essence of Spite', 'Deafening Essence of Spite'),
  ('Shrieking Essence of Envy', 'Deafening Essence of Envy'),
  ('Shrieking Essence of Sorrow', 'Deafening Essence of Sorrow'),
  ('Shrieking Essence of Woe', 'Deafening Essence of Woe'),
  ('Shrieking Essence of Wrath', 'Deafening Essence of Wrath'),
  ('Shrieking Essence of Anguish', 'Deafening Essence of Anguish'),
  ('Shrieking Essence of Loathing', 'Deafening Essence of Loathing'),
  ('Shrieking Essence of Suffering', 'Deafening Essence of Suffering'),
  ('Shrieking Essence of Fear', 'Deafening Essence of Fear'),
  ('Shrieking Essence of Anger', 'Deafening Essence of Anger'),
  ('Shrieking Essence of Torment', 'Deafening Essence of Torment'),
  ('Shrieking Essence of Hatred', 'Deafening Essence of Hatred'),
  ('Shrieking Essence of Misery', 'Deafening Essence of Misery'),
  ('Shrieking Essence of Doubt', 'Deafening Essence of Doubt'),
  ('Screaming Essence of Dread', 'Shrieking Essence of Dread'),
  ('Screaming Essence of Greed', 'Shrieking Essence of Greed'),
  ('Screaming Essence of Fear', 'Shrieking Essence of Fear'),
  ('Screaming Essence of Rage', 'Shrieking Essence of Rage'),
  ('Screaming Essence of Scorn', 'Shrieking Essence of Scorn'),
  ('Screaming Essence of Zeal', 'Shrieking Essence of Zeal'),
  ('Screaming Essence of Envy', 'Shrieking Essence of Envy'),
  ('Screaming Essence of Woe', 'Shrieking Essence of Woe'),
  ('Screaming Essence of Contempt', 'Shrieking Essence of Contempt'),
  ('Screaming Essence of Anger', 'Shrieking Essence of Anger'),
  ('Screaming Essence of Hatred', 'Shrieking Essence of Hatred'),
  ('Screaming Essence of Spite', 'Shrieking Essence of Spite'),
  ('Screaming Essence of Wrath', 'Shrieking Essence of Wrath'),
  ('Screaming Essence of Loathing', 'Shrieking Essence of Loathing'),
  ('Screaming Essence of Suffering', 'Shrieking Essence of Suffering'),
  ('Screaming Essence of Torment', 'Shrieking Essence of Torment'),
  ('Screaming Essence of Anguish', 'Shrieking Essence of Anguish'),
  ('Screaming Essence of Doubt', 'Shrieking Essence of Doubt'),
  ('Screaming Essence of Misery', 'Shrieking Essence of Misery'),
  ('Screaming Essence of Sorrow', 'Shrieking Essence of Sorrow'),
  ('Wailing Essence of Greed', 'Screaming Essence of Greed'),
  ('Wailing Essence of Contempt', 'Screaming Essence of Contempt'),
  ('Wailing Essence of Anger', 'Screaming Essence of Anger'),
  ('Wailing Essence of Anguish', 'Screaming Essence of Anguish'),
  ('Wailing Essence of Doubt', 'Screaming Essence of Doubt'),
  ('Wailing Essence of Fear', 'Screaming Essence of Fear'),
  ('Wailing Essence of Hatred', 'Screaming Essence of Hatred'),
  ('Wailing Essence of Loathing', 'Screaming Essence of Loathing'),
  ('Wailing Essence of Rage', 'Screaming Essence of Rage'),
  ('Wailing Essence of Sorrow', 'Screaming Essence of Sorrow'),
  ('Wailing Essence of Spite', 'Screaming Essence of Spite'),
  ('Wailing Essence of Suffering', 'Screaming Essence of Suffering'),
  ('Wailing Essence of Torment', 'Screaming Essence of Torment'),
  ('Wailing Essence of Woe', 'Screaming Essence of Woe'),
  ('Wailing Essence of Wrath', 'Screaming Essence of Wrath'),
  ('Wailing Essence of Zeal', 'Screaming Essence of Zeal'),
  ('Weeping Essence of Anger', 'Wailing Essence of Anger'),
  ('Weeping Essence of Contempt', 'Wailing Essence of Contempt'),
  ('Weeping Essence of Doubt', 'Wailing Essence of Doubt'),
  ('Weeping Essence of Fear', 'Wailing Essence of Fear'),
  ('Weeping Essence of Greed', 'Wailing Essence of Greed'),
  ('Weeping Essence of Hatred', 'Wailing Essence of Hatred'),
  ('Weeping Essence of Rage', 'Wailing Essence of Rage'),
  ('Weeping Essence of Sorrow', 'Wailing Essence of Sorrow'),
  ('Weeping Essence of Suffering', 'Wailing Essence of Suffering'),
  ('Weeping Essence of Torment', 'Wailing Essence of Torment'),
  ('Weeping Essence of Woe', 'Wailing Essence of Woe'),
  ('Weeping Essence of Wrath', 'Wailing Essence of Wrath'),
  ('Muttering Essence of Torment', 'Weeping Essence of Torment'),
  ('Muttering Essence of Fear', 'Weeping Essence of Fear'),
  ('Muttering Essence of Sorrow', 'Weeping Essence of Sorrow'),
  ('Muttering Essence of Woe', 'Weeping Essence of Woe'),
  ('Muttering Essence of Contempt', 'Weeping Essence of Contempt'),
  ('Muttering Essence of Hatred', 'Weeping Essence of Hatred'),
  ('Muttering Essence of Greed', 'Weeping Essence of Greed'),
  ('Muttering Essence of Anger', 'Weeping Essence of Anger'),
  ('Whispering Essence of Hatred', 'Muttering Essence of Hatred'),
  ('Whispering Essence of Greed', 'Muttering Essence of Greed'),
  ('Whispering Essence of Woe', 'Muttering Essence of Woe'),
  ('Whispering Essence of Contempt', 'Muttering Essence of Contempt');

INSERT INTO map_fragments (name, fragment_type)
  VALUES
  ('Offering to the Goddess', 'Default'),
  ('Divine Vessel', 'Default'),
  ('Timeworn Reliquary Key', 'Default'),
  ('Chayula''s Breachstone', 'Breachstone'),
  ('Xoph''s Breachstone', 'Breachstone'),
  ('Esh''s Breachstone', 'Breachstone'),
  ('Uul-Netol''s Breachstone', 'Breachstone'),
  ('Tul''s Breachstone', 'Breachstone'),
  ('Fragment of the Hydra', 'Shaper'),
  ('Fragment of the Minotaur', 'Shaper'),
  ('Fragment of the Phoenix', 'Shaper'),
  ('Fragment of the Chimera', 'Shaper'),
  ('Mortal Ignorance', 'Uber Atziri'),
  ('Mortal Hope''Uber Atziri'),
  ('Mortal Rage''Uber Atziri'),
  ('Mortal Grief''Uber Atziri'),
  ('Yriel''s Key', 'Prophecy'),
  ('Eber''s Key', 'Prophecy'),
  ('Inya''s Key', 'Prophecy'),
  ('Volkuur''s Key', 'Prophecy'),
  ('Sacrifice at Midnight', 'Atziri'),
  ('Sacrifice at Dawn', 'Atziri'),
  ('Sacrifice at Dusk', 'Atziri'),
  ('Sacrifice at Noon', 'Atziri'),
  ('Rusted Breach Scarab', 'Scarab'),
  ('Polished Breach Scarab', 'Scarab'),
  ('Gilded Breach Scarab', 'Scarab'),
  ('Rusted Cartography Scarab', 'Scarab'),
  ('Polished Cartography Scarab', 'Scarab'),
  ('Gilded Cartography Scarab', 'Scarab'),
  ('Rusted Reliquary Scarab', 'Scarab'),
  ('Polished Reliquary Scarab', 'Scarab'),
  ('Gilded Reliquary Scarab', 'Scarab'),
  ('Rusted Bestiary Scarab', 'Scarab'),
  ('Polished Bestiary Scarab', 'Scarab'),
  ('Gilded Bestiary Scarab', 'Scarab'),
  ('Rusted Shaper Scarab', 'Scarab'),
  ('Polished Shaper Scarab', 'Scarab'),
  ('Gilded Shaper Scarab', 'Scarab'),
  ('Rusted Elder Scarab', 'Scarab'),
  ('Polished Elder Scarab', 'Scarab'),
  ('Gilded Elder Scarab', 'Scarab'),
  ('Rusted Sulphite Scarab', 'Scarab'),
  ('Polished Sulphite Scarab', 'Scarab'),
  ('Gilded Sulphite Scarab', 'Scarab'),
  ('Rusted Divination Scarab', 'Scarab'),
  ('Polished Divination Scarab', 'Scarab'),
  ('Gilded Divination Scarab', 'Scarab'),
  ('Rusted Torment Scarab', 'Scarab'),
  ('Polished Torment Scarab', 'Scarab'),
  ('Gilded Torment Scarab', 'Scarab'),
  ('Rusted Ambush Scarab', 'Scarab'),
  ('Polished Ambush Scarab', 'Scarab'),
  ('Gilded Ambush Scarab', 'Scarab'),
  ('Rusted Harbinger Scarab', 'Scarab'),
  ('Polished Harbinger Scarab', 'Scarab'),
  ('Gilded Harbinger Scarab', 'Scarab'),
  ('Rusted Perandus Scarab', 'Scarab'),
  ('Polished Perandus Scarab', 'Scarab'),
  ('Gilded Perandus Scarab', 'Scarab');

INSERT INTO currency (name, stack_size, currency_type)
  VALUES
  ('Fractured Fossil', 1, 'Fossil'),
  ('Faceted Fossil', 1, 'Fossil'),
  ('Glyphic Fossil', 1, 'Fossil'),
  ('Hollow Fossil', 1, 'Fossil'),
  ('Shuddering Fossil', 1, 'Fossil'),
  ('Tangled Fossil', 1, 'Fossil'),
  ('Bloodstained Fossil', 1, 'Fossil'),
  ('Gilded Fossil', 1, 'Fossil'),
  ('Prismatic Fossil', 1, 'Fossil'),
  ('Corroded Fossil', 1, 'Fossil'),
  ('Sanctified Fossil', 1, 'Fossil'),
  ('Encrusted Fossil', 1, 'Fossil'),
  ('Lucent Fossil', 1, 'Fossil'),
  ('Bound Fossil', 1, 'Fossil'),
  ('Enchanted Fossil', 1, 'Fossil'),
  ('Aetheric Fossil', 1, 'Fossil'),
  ('Perfect Fossil', 1, 'Fossil'),
  ('Serrated Fossil', 1, 'Fossil'),
  ('Pristine Fossil', 1, 'Fossil'),
  ('Dense Fossil', 1, 'Fossil'),
  ('Jagged Fossil', 1, 'Fossil'),
  ('Metallic Fossil', 1, 'Fossil'),
  ('Scorched Fossil', 1, 'Fossil'),
  ('Aberrant Fossil', 1, 'Fossil'),
  ('Frigid Fossil', 1, 'Fossil'),
  ('Prime Alchemical Resonator', 1, 'Resonator'),
  ('Prime Chaotic Resonator', 1, 'Resonator'),
  ('Powerful Chaotic Resonator', 1, 'Resonator'),
  ('Powerful Alchemical Resonator', 1, 'Resonator'),
  ('Potent Alchemical Resonator', 1, 'Resonator'),
  ('Potent Chaotic Resonator', 1, 'Resonator'),
  ('Primitive Alchemical Resonator', 1, 'Resonator'),
  ('Primitive Chaotic Resonator', 1, 'Resonator'),
  ('Simple Rope Net', 100, 'Net'),
  ('Strong Rope Net', 100, 'Net'),
  ('Simple Iron Net', 100, 'Net'),
  ('Reinforced Iron Net', 100, 'Net'),
  ('Strong Iron Net', 100, 'Net'),
  ('Simple Steel Net', 100, 'Net'),
  ('Reinforced Steel Net', 100, 'Net'),
  ('Strong Steel Net', 100, 'Net'),
  ('Thaumaturgical Net', 100, 'Net'),
  ('Reinforced Rope Net', 100, 'Net'),
  ('Necromancy Net', 100, 'Net'),
  ('Eternal Orb', 10, 'Orb'),
  ('Bestiary Orb', 10, 'Orb'),
  ('Mirror of Kalandra', 10, 'Orb'),
  ('Exalted Orb', 10, 'Orb'),
  ('Ancient Orb', 20, 'Orb'),
  ('Harbinger''s Orb', 20, 'Orb'),
  ('Divine Orb', 10, 'Orb'),
  ('Orb of Annulment', 20, 'Orb'),
  ('Engineer''s Orb', 20, 'Orb'),
  ('Orb of Horizons', 20, 'Orb'),
  ('Regal Orb', 10, 'Orb'),
  ('Orb of Binding', 20, 'Orb'),
  ('Gemcutter''s Prism', 20, 'Orb'),
  ('Orb of Regret', 40, 'Orb'),
  ('Vaal Orb', 10, 'Orb'),
  ('Chaos Orb', 10, 'Orb'),
  ('Blessed Orb', 20, 'Orb'),
  ('Orb of Alchemy', 10, 'Orb'),
  ('Orb of Fusing', 20, 'Orb'),
  ('Glassblower''s Bauble', 20, 'Orb'),
  ('Perandus Coin', 1000, 'Orb'),
  ('Orb of Scouring', 20, 'Orb'),
  ('Cartographer''s Chisel', 20, 'Orb'),
  ('Silver Coin', 30, 'Orb'),
  ('Orb of Chance', 20, 'Orb'),
  ('Armourer''s Scrap', 40, 'Orb'),
  ('Orb of Transmutation', 40, 'Orb'),
  ('Jeweller''s Orb', 20, 'Orb'),
  ('Orb of Alteration', 20, 'Orb'),
  ('Chromatic Orb', 20, 'Orb'),
  ('Scroll of Wisdom', 40, 'Orb'),
  ('Portal Scroll', 40, 'Orb'),
  ('Orb of Augmentation', 30, 'Orb'),
  ('Blacksmith''s Whetstone', 20, 'Orb'),
  ('Master Cartographer''s Seal', 10, 'Orb'),
  ('Journeyman Cartographer''s Seal', 10, 'Orb'),
  ('Apprentice Cartographer''s Seal', 10, 'Orb'),
  ('Master Cartographer''s Sextant', 10, 'Orb'),
  ('Journeyman Cartographer''s Sextant', 10, 'Orb'),
  ('Apprentice Cartographer''s Sextant', 10, 'Orb'),
  ('Unshaping Orb', 10, 'Orb'),
  ('Blessing of Chayula', 10, 'Orb'),
  ('Blessing of Esh', 10, 'Orb'),
  ('Blessing of Uul-Netol', 10, 'Orb'),
  ('Blessing of Xoph', 10, 'Orb'),
  ('Blessing of Tul', 10, 'Orb'),
  ('Vial of Awakening', 10, 'Vial'),
  ('Vial of Consequence', 10, 'Vial'),
  ('Vial of Dominance', 10, 'Vial'),
  ('Vial of Fate', 10, 'Vial'),
  ('Vial of Sacrifice', 10, 'Vial'),
  ('Vial of Summoning', 10, 'Vial'),
  ('Vial of the Ghost', 10, 'Vial'),
  ('Vial of the Ritual', 10, 'Vial'),
  ('Vial of Transcendence', 10, 'Vial'),
  ('Prophecy', 1, 'Prophecy');

INSERT INTO currency_fragments (name, fragment_of, stack_size)
  VALUES
  ('Splinter of Chayula', 'Blessing of Chayula', 100),
  ('Splinter of Esh', 'Blessing of Esh', 100),
  ('Splinter of Uul-Netol', 'Blessing of Uul-Netol', 100),
  ('Splinter of Xoph', 'Blessing of Xoph', 100),
  ('Splinter of Tul', 'Blessing of Tul', 100),
  ('Mirror Shard', 'Mirror of Kalandra', 20),
  ('Exalted Shard', 'Exalted Orb', 20),
  ('Annulment Shard', 'Orb of Annulment', 20),
  ('Binding Shard', 'Orb of Binding', 20),
  ('Horizon Shard', 'Orb of Horizons', 20),
  ('Harbinger''s Shard', 'Harbinger''s Orb', 20),
  ('Engineer''s Shard', 'Engineer''s Orb', 20),
  ('Ancient Shard', 'Ancient Orb', 20),
  ('Chaos Shard', 'Chaos Orb', 20),
  ('Regal Shard', 'Regal Orb', 20),
  ('Alchemy Shard', 'Orb of Alchemy', 20),
  ('Alteration Shard', 'Orb of Alteration', 20),
  ('Transmutation Shard', 'Orb of Transmutation', 20),
  ('Scroll Fragment', 'Scroll of Wisdom', 5);

INSERT INTO incursion_items(name)
  VALUES
  ('Flashpowder Keg'),
  ('Stone of Passage');